frame,targeted_point_variance_m2,untracked_point_variance_m2,all_point_variance_m2,qpos_circular_variance_rad2
0,4.872274942312256e-05,0.00023236719338255978,0.00018645608239270048,0.005297585089531206
1,1.9554873379060977e-05,0.0001785200108339638,0.0001387787264702381,0.004269468012235223
2,1.843183990378718e-05,0.00017610106716956785,0.00013668376035312271,0.004209562466103792
3,1.743620963266151e-05,0.00017384040462978324,0.00013473935588050284,0.0041522417918326325
4,1.6486630787854236e-05,0.0001717063433308754,0.0001329014151951201,0.004097215526174317
5,1.5577326046267276e-05,0.00016968082178659492,0.00013115494785151302,0.004044059080536345
6,1.4718001791133055e-05,0.00016775215974618933,0.00012949362025742526,0.003992411487089478
7,1.3897166053482485e-05,0.0001659148370101128,0.00012791041927095523,0.003942226051028358
8,8.585140954062887e-06,0.00015521104612364368,0.00011855456983124847,0.0037935046819460327
9,8.045713204954598e-06,0.00015389218560854558,0.00011743056750764781,0.0037489291350876262
10,7.572869668602604e-06,0.00015267954125140615,0.00011640287335570526,0.003705686951531545
11,7.128712078830762e-06,0.0001515228090853868,0.0001154242848337478,0.003663431898606485
12,6.7028997314115934e-06,0.00015042332870364694,0.00011449322146058808,0.003622235488191487
13,6.29205981847098e-06,0.00014938344894631502,0.000113610601664354,0.003582160426176579
14,5.895879120292858e-06,0.00014841010044235034,0.00011278154511183596,0.003543315437802692
15,5.515451009006488e-06,0.00014749935333455803,0.00011200337775317017,0.0035056582022407615
16,5.153287451799693e-06,0.00014664372836661207,0.00011127111813790896,0.003469135175084096
17,4.810079644009947e-06,0.00014584352889984085,0.00011058516658588314,0.0034337868607146405
18,4.4853827082334624e-06,0.00014510982410788942,0.00010995371375797542,0.0033997694024986854
19,4.181715556641766e-06,0.00014443673329586542,0.00010937297886105953,0.0033669788008834495
20,3.893605019399009e-06,0.00014382325676032387,0.00010884084382509265,0.0033355627592204177
21,3.6230842382216815e-06,0.00014326362612651609,0.00010835349065444252,0.0033054317410664436
22,3.370016813000665e-06,0.000142752358405567,0.00010790677300742542,0.0032763160011126326
23,3.1327249443350222e-06,0.00014228905900693937,0.00010749997549128827,0.003248157086665969
24,2.9107637358509945e-06,0.00014187757392265378,0.0001071358713759531,0.003221113400388655
25,2.7025121550992703e-06,0.00014151573122042515,0.00010681242645409368,0.0031951026988221894
26,2.5086644595941717e-06,0.0001411933831722043,0.00010652220349405174,0.0031700005944192257
27,2.327964124808502e-06,0.0001409077629573631,0.00010626281324922444,0.0031457929043094864
28,2.1591230668283332e-06,0.0001406584006430242,0.00010603358124897524,0.0031224756583536004
29,2.0008664861847374e-06,0.00014044221451749847,0.00010583187750967004,0.003100001869651102
30,1.8525165934088001e-06,0.00014025619419872989,0.00010565527479739962,0.0030783540771070128
31,1.714372484805667e-06,0.00014009758970120456,0.00010550178539710485,0.003057419292049911
32,1.5851282270270308e-06,0.000139974761332133,0.0001053773530558565,0.003037234581700793
33,1.4641552132089628e-06,0.00013988592452743832,0.00010528048219888097,0.0030178197440578957
34,1.3501484302810291e-06,0.0001398323994481542,0.00010521183669368591,0.0029992427291695143
35,1.2503183978027825e-06,0.0001398192136189282,0.00010517698981364684,0.002969333817837851
36,1.150031325298136e-06,0.00013982900109144278,0.00010515925864990663,0.0029415886995184043
37,1.0742006921324042e-06,0.00013986650385540588,0.0001051684280645875,0.0029153456431735805
38,1.0075149792164996e-06,0.00013993341964925574,0.00010520194348174592,0.0028901359423711887
39,9.259813111728485e-07,0.0001400231729530997,0.00010524887504261799,0.00286932365865885
40,8.509687661120763e-07,0.00014013549863115598,0.000105314366164895,0.002852870663438152
41,7.608576944752321e-07,0.00014025978142241237,0.0001053850504904281,0.002840430121132835
42,6.74119276264728e-07,0.00014039249394498933,0.00010546290027780817,0.002829091102086393
43,6.151350235967454e-07,0.0001405407878113149,0.00010555937461438537,0.00281812632275776
44,5.615427530940643e-07,0.0001407145115714457,0.0001056762693668578,0.0028076607159525464
45,5.12550435991574e-07,0.00014090965656241385,0.00010581038003080829,0.0027976342748266044
46,4.666457958016392e-07,0.00014113006391892975,0.00010596420938814771,0.0027881083118856806
47,4.238390838977772e-07,0.00014137535648005352,0.00010613747713101458,0.0027790473652631008
48,3.8453014230523304e-07,0.0001416424842686432,0.0001063279957370587,0.002770422101199515
49,3.481475206087719e-07,0.0001419266474373363,0.00010653202245815444,0.0027621953538579064
50,3.138435108802521e-07,0.00014223443503023884,0.00010675428715039919,0.0027544686685677193
51,2.830870917577294e-07,0.00014254382411820596,0.00010697863986159392,0.0027469969683622175
52,2.554519810289424e-07,0.00014284728851053977,0.00010719932937816206,0.0027396898536240976
53,2.304027331021882e-07,0.00014314722554550053,0.00010741801984240096,0.002732587444731391
54,2.0767592439449032e-07,0.0001434536465261469,0.0001076421538757088,0.0027257862435203176
55,1.869985219199805e-07,0.00014376500151779326,0.00010787050076882495,0.0027192816844900406
56,1.685044285193957e-07,0.00014407652055012772,0.00010809951651972563,0.0027130225003757697
57,1.5202045379265323e-07,0.00014439676320764162,0.00010833557751917938,0.002707042084448893
58,1.372549010647534e-07,0.00014472730095009981,0.00010857978943784104,0.0027013456577448546
59,1.2403345131764607e-07,0.00014506784141025977,0.00010883188942052424,0.0026959211641780587
60,1.121212732384216e-07,0.0001454206239218153,0.00010909349825967109,0.0026907883597530355
61,1.0146550393204814e-07,0.00014578281171445168,0.00010936247516182178,0.0026859072628274
62,9.198460247931055e-08,0.00014615156858362998,0.00010963667258834233,0.002681236753885684
63,8.363044028935409e-08,0.00014652468649049207,0.00010991442247794139,0.002676786082629895
64,7.62829326386673e-08,0.00014689961530495304,0.00011019378221187446,0.0026725841747012075
65,6.980735591209408e-08,0.0001472800520376737,0.00011047749086723329,0.0026686374477663598
66,6.410656143976336e-08,0.0001476659616587306,0.00011076549788440788,0.0026649508817281624
67,5.9154019368455233e-08,0.00014806090567667712,0.00011106046776234994,0.002661544206164397
68,5.488213379589366e-08,0.00014846914182386461,0.00011136557690134743,0.002658448279999799
69,5.1271046719614765e-08,0.00014889353958502736,0.00011168297245045043,0.002655678284297037
70,4.828245590046241e-08,0.00014933722845620123,0.00011201499195612603,0.002653258062458019
71,4.587694979369503e-08,0.00014979660152824857,0.00011235892038363484,0.0026511566765665645
72,4.4000532543660455e-08,0.0001502620030623288,0.00011270750242988255,0.0026493272141076157
73,4.259785494141168e-08,0.00015073052534738253,0.00011305854347427226,0.0026477513146325043
74,4.162308619121364e-08,0.00015119294886879883,0.0001134051174231469,0.0026463797066004807
75,4.102362891290795e-08,0.0001516506630579405,0.00011374825320068361,0.0026452141786829806
76,4.0753913508511853e-08,0.00015210364447935666,0.00011408792183789463,0.0026441993301639924
77,4.076856243814298e-08,0.0001525671738732865,0.0001144355725455744,0.0026433683487612054
78,4.1013477720327355e-08,0.00015303972989854915,0.00011479005079334192,0.0026427005610632176
79,4.1458509995431796e-08,0.00015351895049483844,0.0001151495774986277,0.002642233403009698
80,4.2078963407113814e-08,0.0001539888064411734,0.00011550212457173183,0.0026418053301571274
81,4.286841426737633e-08,0.0001544476358166707,0.00011584644396606987,0.0026414272560341635
82,4.3802593233889525e-08,0.00015489812541304477,0.00011618454470809208,0.002641135140650218
83,4.4825690631517465e-08,0.00015533863831252557,0.00011651518515705206,0.002640822122920669
84,4.590878474848599e-08,0.00015577373334012357,0.00011684177720127982,0.002640495705792955
85,4.704815843209129e-08,0.00015619937707960798,0.000117161294849314,0.0026401604085731912
86,4.816034613370288e-08,0.00015661148598952206,0.000117470654578675,0.0026398745240131024
87,4.929486197030212e-08,0.00015701920026824754,0.00011777672391667822,0.0026396882172074108
88,5.050838397311812e-08,0.00015742828143964116,0.00011808383817572417,0.0026395305422496147
89,5.1717345858612027e-08,0.0001578335112903804,0.00011838806280424995,0.0026394235479302607
90,5.291600385172217e-08,0.00015823651123969334,0.00011869061243073296,0.002639377978978948
91,5.4077591667697605e-08,0.0001586397291038561,0.000118993316225809,0.002639416060222615
92,5.525590482439754e-08,0.00015904671562984993,0.00011929885069859355,0.002639589819541293
93,5.6451987205068874e-08,0.00015945897261844812,0.00011960834246063735,0.002639895040449669
94,5.759574354127967e-08,0.00015987009364342382,0.00011991696916845318,0.002640286444375705
95,5.8737011123891173e-08,0.0001602761285402359,0.0001202217806579579,0.0026407754617996035
96,5.99300995178774e-08,0.0001606772825238937,0.00012052294441779974,0.0026413696984252033
97,6.109426512730766e-08,0.00016106723663490629,0.00012081570104246154,0.0026419676771549496
98,6.230458990746825e-08,0.00016144828837581427,0.00012110179242933755,0.0026425969078281222
99,6.351110373982582e-08,0.00016182337862293784,0.00012138341174313832,0.002643202186388505
100,6.472441534347443e-08,0.0001622019602550732,0.00012166765129514076,0.002643825179092007
101,6.593665985343895e-08,0.0001625858592130915,0.00012195587857478198,0.002644482730919245
102,6.731273791079501e-08,0.00016300789762068108,0.0001222727513999885,0.002645562703326835
103,6.927142437263285e-08,0.00016351366942974615,0.0001226525699284028,0.0026477055687243773
104,7.144390125906352e-08,0.00016406455246717794,0.00012306627532569824,0.0026505519311395757
105,7.478897321912455e-08,0.000164756399433383,0.000123585996818342,0.002655331418338283
106,8.032484765266742e-08,0.00016569667139544226,0.00012429258475849488,0.002663714013556298
107,6.702817880822463e-08,0.00016713909517085984,0.0001253710784228469,0.0026772731569753936
108,9.914364185615414e-08,0.0001687336848590278,0.00012657504955473485,0.0026939751547517586
109,1.9757438707847127e-07,0.00017048174762670823,0.0001279107043168008,0.002716311221104301
110,1.5804937399359444e-07,0.00017302405067872272,0.00012980755035254046,0.0027466443926403264
111,2.0628370586680308e-07,0.00017640088438461996,0.00013235223421493162,0.00278562385486106
112,2.8384404201941503e-07,0.00018117561481185586,0.00013595267211939676,0.0028342995849171314
113,4.871383354210152e-07,0.0001883568131193366,0.0001413893944233577,0.0028884358884328433
114,1.4241356128859385e-06,0.0002005560805266289,0.00015077309429819318,0.0029203405428916487
115,4.811642355103594e-06,0.0002131071972110895,0.00016103330849709304,0.0028866211425546523
116,5.592981617235792e-06,0.00020187822195906558,0.00015280691187360816,0.002740221708935054
117,1.6551041716269814e-06,0.00017646054847406058,0.00013275918739845218,0.0025957713094357385
118,2.7908941121077046e-07,0.00016386548179177956,0.00012296888369663737,0.0025087202963361577
119,4.770447684714037e-08,0.0001589840428870868,0.00011924995828452688,0.0024520782172046647
120,3.9637188007490617e-08,0.00015597723285234482,0.0001169928339362605,0.002398990802569175
121,7.202753488989473e-08,0.00015312920649683434,0.00011486491175634823,0.0023409873636299657
122,1.2939839097331168e-07,0.00015072399648763122,0.00011307534696346674,0.002284685373818407
123,1.9736851428278648e-07,0.00015002125358577038,0.00011256528231789847,0.002245231935495686
124,2.42679740064956e-07,0.00015282610475385054,0.00011468024850040413,0.002237094050176959
125,2.585581595958048e-07,0.00015932636297584532,0.00011955941177178296,0.0022570110219522644
126,2.5276991378070625e-07,0.0001686613634305289,0.00012655921505134185,0.0022926281983827344
127,2.413604210362371e-07,0.0001795658709950065,0.00013473474335151396,0.002331348940713422
128,2.306115390811197e-07,0.00019016418535787804,0.0001426807919031788,0.002372053911186263
129,2.1912777113281103e-07,0.00019911433097968885,0.00014939053017754982,0.002411235419199651
130,2.079754977602955e-07,0.0002054049002986829,0.00015410566909845227,0.002447014399077805
131,2.0100287594745825e-07,0.0002088160621158511,0.00015666229730587522,0.0024790488019372186
132,1.7785776233791703e-07,0.00021226997234811016,0.00015924694370166712,0.0025215235508314047
133,1.6968341325928048e-07,0.00021381683938556426,0.00016040505039248803,0.0025514568278737428
134,1.6491396077443767e-07,0.00021531900060677662,0.0001615304789452761,0.002575145291990471
135,1.6510997063146978e-07,0.00021741038442228962,0.00016309906580937508,0.0025962863407060642
136,1.7395061088462392e-06,0.00021869312488084354,0.0001644547201878442,0.0026172561765876933
137,2.8943492146660415e-06,0.00021888657879308156,0.00016488852139847767,0.0026453487066752574
138,2.589946859491708e-07,0.00021600646707144235,0.00016206959897506904,0.0026575882799088407
139,1.9398780269922575e-07,0.00021223649419191884,0.00015922586759461394,0.002672454986045832
140,1.7872356213905754e-07,0.000207180035649518,0.0001554297076276733,0.002686001059678549
141,1.3887229043989607e-07,0.0002003621254312887,0.0001503063121460765,0.0026976535533976475
142,1.181251045628198e-07,0.000193282528919097,0.00014499142796546344,0.0027074814208802706
143,9.889191002818914e-08,0.00018741358506286956,0.0001405849117746592,0.002715977705230731
144,8.012751424257472e-08,0.00018202448413994255,0.00013653839498351756,0.002725781481891661
145,6.509649840910366e-08,0.00017715001743125438,0.00013287878719804306,0.002738397715395277
146,5.5181265344035056e-08,0.00017229833245483038,0.0001292375446574588,0.0027543267613072335
147,5.204399937097398e-08,0.00016837673949668616,0.00012629556562235734,0.0027737843470486516
148,5.358993967660351e-08,0.00016585076233600394,0.0001244014692369221,0.002796549801142259
149,5.970817035023906e-08,0.0001650130322484321,0.00012377470122891166,0.0028186769459090295
150,6.310930423047599e-08,0.00016498411282964902,0.00012375386194829442,0.0028424645677590636
151,2.756786087444602e-06,0.00017022681589861797,0.00012835930844582464,0.0028612956201858057
152,4.930855601618184e-07,0.0001692585060849724,0.00012706715095376972,0.002860160699060498
153,2.0155563471878218e-07,0.00017355832587090844,0.000130219133311861,0.0028551825712531203
154,1.8682399709738475e-07,0.00018140514778273152,0.00013610056683632297,0.002841698290362318
155,2.3306275340639818e-07,0.0001909770969954012,0.00014329108843490253,0.0028233666031412547
156,2.895882179486706e-07,0.0002009081649532536,0.00015075352076942742,0.0028024258228931645
157,3.3803593859311546e-07,0.00020970384642006825,0.00015736239379969948,0.002777425811540841
158,3.5884120575078987e-07,0.00021656338718912282,0.00016251225069327985,0.0027490599889935766
159,3.3288097679074945e-07,0.00022095077349383672,0.00016579630036457526,0.002718168515114574
160,2.5781283520683615e-07,0.0002227597336272886,0.00016713425342926812,0.002687996600988341
161,1.8200519837086136e-07,0.00022230942832966372,0.0001667775725468405,0.0026606521439489356
162,5.5208669002190585e-06,0.00021840475572162184,0.00016518378351627116,0.002750466730968679
163,2.993426246395707e-08,0.00021672143417434192,0.00016254855919637246,0.002575426327018236
164,2.377426756497866e-08,0.00020828973839225734,0.00015622324736108426,0.002576888902901688
165,2.3815392928172855e-08,0.00020119216641597453,0.00015090007866021293,0.0025772705607837757
166,2.9432859593047555e-08,0.00019476486819921342,0.00014608100936430832,0.002584054820634575
167,3.919394098697202e-08,0.0001902980994484034,0.00014273337307154932,0.00259728834829808
168,4.812419935750693e-08,0.00018904893460193028,0.0001417987320012871,0.0026129307880887955
169,8.322467462200892e-06,0.0001945705955140203,0.00014800856350106545,0.002632636910944836
170,2.9081627672698233e-06,0.0001985188996702098,0.0001496162154444748,0.0026273767541230538
171,1.6266437041272476e-06,0.00020540463269907874,0.00015446013545034087,0.0026226318058021753
172,1.116144167577788e-06,0.00021224898522472098,0.00015946577496043517,0.0026159219340629587
173,8.504272838887391e-07,0.00021743223235130596,0.00016328678108445168,0.002609542019954143
174,7.347788351728365e-07,0.00021993131691348385,0.0001651321823939061,0.0026082301042404045
175,7.285128426898148e-07,0.00021963611718581514,0.00016490921610003384,0.0026159172461533617
176,7.635236099741922e-07,0.0002163660638904016,0.00016246542882029474,0.002635027704719671
177,7.872877705506797e-07,0.00021135940668707046,0.00015871637695794052,0.002664183114628595
178,8.053328335688678e-08,0.0002026210936391434,0.00015198595355019675,0.0026830449096837796
179,4.412815358025324e-08,0.0001953778245370652,0.00014654440044119396,0.0027270716718303697
180,2.5891234728088963e-08,0.00018783396931983283,0.00014088194979855665,0.0027830950224603836
181,1.4180321714558889e-08,0.0001795775858517236,0.00013468673446922135,0.0028477918919206
182,8.420614242537283e-08,0.00017455863290569541,0.00013094002621487791,0.0029232832627530095
183,1.1535844158699553e-08,0.00017203066172180332,0.00012902588025239217,0.0029961771372030805
184,1.582634206528893e-08,0.00017188458472962875,0.0001289173951327379,0.0030564829984087755
185,2.370075108190271e-08,0.0001741494456691567,0.000130618009439638,0.0030983582853583718
186,2.667246139661271e-08,0.00017785539947321,0.00013339821772025663,0.0030894037337645844
187,2.1050494570347066e-08,0.00018291671388181294,0.00013719279803500232,0.0030391646530950594
188,8.735031311814267e-08,0.0001909274545163056,0.00014321742846550874,0.002970854853833804
189,1.8867919635711633e-07,0.00019965189347834588,0.0001497860899078487,0.002897730039221172
190,3.4060886311232634e-07,0.00020716815285336414,0.00015546126685580118,0.0028286814775271437
191,5.566747427369985e-07,0.00021202389173544944,0.00015915708748727136,0.002771419549431208
192,7.730671542826209e-07,0.00021409178343377824,0.00016076210436390438,0.0027299094343791437
193,8.585785274077176e-07,0.00021424623902433198,0.00016089932390010093,0.0027064014493948414
194,7.490712802946054e-07,0.00021291499923632763,0.0001598735172473194,0.00269888918298974
195,5.086527118436351e-07,0.00021047282396322804,0.00015798178115038197,0.0027051050899806247
196,2.921382070045482e-07,0.00020743194335928335,0.00015564699207121362,0.002721262121086457
197,1.53166163784513e-07,0.00020357343461395534,0.00015271836750141264,0.0027436457555666855
198,3.24669206302142e-08,0.00019863211912782581,0.00014898220607602693,0.0027527504184308048
199,9.695962766958793e-09,0.00019507599782201467,0.00014630942235720277,0.0027588176547982323
200,3.359991733860503e-09,0.00019132621889704854,0.00014349550417071987,0.002760543898492698
201,1.9061010396573094e-08,0.0001875150601782716,0.00014064106038630283,0.0027621846510316474
202,6.508557381630121e-09,0.00018685741667211762,0.00014014468964343362,0.002765324302290277
203,1.0623600029857704e-08,0.00018630974452203163,0.00013973496429153117,0.002768467184163148
204,1.4559583813739588e-08,0.00018674151429340399,0.0001400597756160064,0.0027676053022329485
205,1.7989961618796662e-08,0.00019144655670221236,0.00014358941501706397,0.0027590149836288994
206,4.548773771523492e-08,0.00019837935767123317,0.00014879589018785373,0.0027492334150573112
207,9.711586840791646e-08,0.0002088951614925814,0.000156695650086538,0.0027381373176955676
208,1.464900218491747e-07,0.00022044542809751932,0.00016537069357860178,0.002727514646248603
209,1.9106163488988796e-07,0.00023081497485936357,0.00017315899655324514,0.0027194049296019253
210,2.363704326226947e-07,0.00023912547346994912,0.00017940319771061753,0.002717221134411622
211,2.9405203830893086e-07,0.00024347848386406667,0.00018268237590762727,0.0027239678106609605
212,3.5224569676497414e-07,0.00024395283887796546,0.0001830526905826654,0.002742270727139161
213,3.9365300751088484e-07,0.0002401150216750232,0.00018018467950814513,0.002772202417318258
214,3.286240524731566e-08,0.00023094958302939984,0.0001732204028733617,0.0028133010373485377
215,1.5542869926896954e-08,0.00022003458130054687,0.00016502982169289184,0.0028475523585471322
216,6.555928614968048e-09,0.00020789848677090414,0.00015592550406033184,0.0028807301557665916
217,2.024984886890643e-09,0.00019522188299563059,0.00014641691849294464,0.002910714162359495
218,1.2872668292091818e-09,0.0001861312078266182,0.00013959872768667096,0.0029421386770096306
219,1.487942979510389e-09,0.00018049663547112235,0.00013537284858908664,0.002982783687651207
220,2.3876704319276004e-09,0.00017858215452597564,0.00013393721281208972,0.00302893679472346
221,4.611460412486165e-09,0.00018032879410450264,0.0001352477484434801,0.0030658973721903186
222,3.088747611616896e-06,0.00018842876261603646,0.0001420937588649316,0.0030933967820525937
223,5.317780654588071e-06,0.00018971282166297797,0.0001436140614108805,0.00310033781747822
224,8.03142348323275e-09,0.00018618904860425456,0.00013964379430906175,0.0030932127457760786
225,5.551209167878557e-09,0.00019051940507782526,0.00014289094161066087,0.0030775976800363008
226,4.3383641411314285e-09,0.00019807267327976612,0.00014855558955085988,0.0030533009461182667
227,1.3807195885621532e-05,0.00020985596301904068,0.00016084377123568586,0.0030558084830152256
228,3.3063842263171966e-05,0.00022708367907879956,0.00017857871987489267,0.0030662407690448326
229,1.260018359149441e-05,0.00022886431667711745,0.0001747982834057117,0.003014877151797618
230,5.193984437574632e-06,0.00023353109939635772,0.00017644682065666195,0.002984204670367818
231,2.918806790135502e-05,0.00024954757416329625,0.00019445769759781096,0.003011195287485605
232,1.983086605971224e-05,0.00025237441829956104,0.00019423853023959884,0.0030003298484895164
233,8.879725996212442e-06,0.00024058671420109138,0.0001826599671498716,0.0029774139884464245
234,1.2222758502929067e-07,0.00021406776928949015,0.00016058138386337492,0.0029666247850801204
235,5.503880493059916e-10,0.0002033968271153857,0.0001525477579335516,0.0029817533262981484
236,1.4588307713264056e-09,0.00020149076504639353,0.00015111843849248798,0.0030011119654990287
237,2.479222967364647e-06,0.00020809092353483194,0.00015668799839296512,0.0030261966468114
238,5.365497111875679e-07,0.00020606471364024602,0.00015468267265798138,0.0030327980027365716
239,2.511734159044212e-07,0.00020640250878767587,0.00015486467494473302,0.003039768879768472
240,1.449985267424786e-07,0.000208998373420974,0.00015678502969741607,0.003038436326513846
241,9.955384869817138e-08,0.00021291306198945994,0.00015970968495426953,0.0030292937762280985
242,8.101666763043605e-08,0.0002169399436925894,0.00016272521193634964,0.003013269370931923
243,8.151933051366404e-08,0.00021968670617491715,0.0001647854094638163,0.0029908474109098583
244,8.786348701853969e-08,0.00021985154670209602,0.00016491062589832665,0.002963996263971051
245,9.336313379654064e-08,0.00021678015442668994,0.00016260845660346658,0.0029356207416533385
246,2.1643611468758167e-06,0.00020768220866006868,0.00015630274678177046,0.002905893099676519
247,9.148048973427103e-09,0.00019935544729719727,0.00014951887248514133,0.0028609863832342697
248,3.972403316524979e-09,0.00019058404793585512,0.00014293902905272048,0.002831558007510296
249,4.853106478659831e-09,0.00018613247262449324,0.00013960056774498962,0.002811055739902037
250,5.047083775699883e-09,0.00018365326272021994,0.0001377412088111089,0.0027914172381954434
251,5.874759904362067e-09,0.00018269664690787163,0.0001370239538708798,0.0027757697314909815
252,6.584273847591259e-09,0.00018287959045175782,0.00013716133890728026,0.0027673672199374643
253,6.432081733959544e-09,0.0001834567115791321,0.00013759414170478256,0.0027647937355821084
254,5.683852019072508e-09,0.00018379272079910617,0.00013784596156233441,0.0027675548839354277
255,4.9193249409595175e-09,0.00018375199998349597,0.00013781522981885726,0.002772782082238886
256,4.018849646562106e-09,0.00018374117845320793,0.00013780688855231755,0.0027796037108383854
257,3.349626039694268e-09,0.00018382548001993614,0.00013786994742146202,0.0027850211182402413
258,3.109691618516124e-09,0.00018399241991456713,0.00013799509235882997,0.0027849877133387076
259,2.7953867793758094e-09,0.00018433278857785161,0.00013825029028008355,0.0027835448141208655
260,2.2871203856751914e-09,0.00018488836791119283,0.00013866684771349105,0.0027843059554908704
261,2.396091434791549e-08,0.00018573495669935237,0.00013930720775310123,0.0027893877235806897
262,9.717846039478724e-10,0.00018648673467924317,0.00013986529395558338,0.0027993619134242006
263,5.108287061688279e-10,0.00018730418587462665,0.00014047826711314655,0.0028067186027067315
264,2.8138185298971723e-10,0.00018797214644458317,0.00014097918017890061,0.002810900279162024
265,3.531136165974511e-09,0.0001882939192797739,0.00014122132224387194,0.0028116783810739738
266,4.224731003921334e-10,0.00018834839160332132,0.0001412613993207661,0.002811963290752195
267,5.686538299906282e-10,0.00018838944643582867,0.000141292226990329,0.0028114039279400365
268,4.723338938704692e-10,0.00018842725152719235,0.00014132055672886774,0.0028104784854594065
269,3.207772373747034e-10,0.00018834595509396355,0.00014125954651478197,0.0028088009779320363
270,1.7837934395155598e-10,0.00018802396259119374,0.00014101801653823126,0.0028064336979514246
271,2.1559084450547934e-10,0.0001874677875142671,0.00014060089453341146,0.0028032507649038583
272,3.3789237537361514e-10,0.00018678981216335984,0.00014009244359561372,0.002799614017173361
273,4.5341520289693467e-10,0.0001861090048421826,0.00013958186698543766,0.0027954400196421427
274,5.564139630666465e-10,0.00018544497268388027,0.00013908386861640094,0.0027909762256658225
275,6.215115616415621e-10,0.00018487554886454762,0.00013865681702630116,0.002787281584371993
276,6.673108860865033e-10,0.00018442801196057139,0.00013832117579815008,0.0027847570659719086
277,6.775378323612742e-10,0.00018409460628812237,0.00013807112410054988,0.0027833627560042047
278,6.559915917719921e-10,0.00018392677058753806,0.0001379452419385515,0.00278380423210936
279,6.72723387884781e-10,0.0001837431355501795,0.00013780751984348157,0.0027847980156287936
280,6.548140608954348e-10,0.00018362171769195095,0.00013771645197247848,0.002786665142024784
281,5.64674521362698e-10,0.0001837514332616267,0.00013781371611485036,0.0027896185158586134
282,4.753019927818257e-10,0.00018407165265665673,0.00013805385831799073,0.002794430653122467
283,3.3760235596737397e-10,0.00018430186532072298,0.00013822648339113124,0.0027996220966955963
284,3.520274388581469e-10,0.00018446211847631563,0.00013834667686409642,0.0028034051392018373
285,3.8517135192110685e-10,0.00018458535205735158,0.00013843911033585172,0.002807042812014095
286,4.2161176074548897e-10,0.0001847234046616359,0.00013854265889916707,0.0028108989028179125
287,4.5964955045577494e-10,0.00018491504520021959,0.00013868639881255233,0.002815984144101472
288,5.267604365357568e-10,0.00018515818636619585,0.000138868771464756,0.0028216772151836212
289,6.385755236668644e-10,0.00018544266767154966,0.00013908216039754318,0.002827964069355885
290,8.050636039515343e-10,0.00018581047368972103,0.00013935805653319175,0.0028355717311985386
291,1.0587745177498424e-09,0.00018626083013647784,0.00013969588729598783,0.0028443924088520185
292,1.4218024945000752e-09,0.00018679047438551673,0.00014009321123976116,0.002854031671190431
293,1.9161020752645488e-09,0.0001873746807094099,0.00014053148955757625,0.002863948762693369
294,2.5062713314398603e-09,0.00018825677900600137,0.00014119321082233386,0.0028762599540585344
295,3.146498358967588e-09,0.00018983326961812344,0.0001423757388381823,0.0028920756343980033
296,3.831796933630415e-09,0.00019293431507422788,0.00014470169425490436,0.0029139281660661466
297,4.281310284771798e-09,0.00019920497814334486,0.0001494048039350798,0.002941417143305717
298,6.331604479036493e-07,0.00020737272703677477,0.000155687835389557,0.002973564304354681
299,1.4014262065124524e-07,0.00022762028584884212,0.00017075025004179443,0.00300224963515244
300,1.1229580538814173e-07,0.0002529274530701548,0.00018972366375396316,0.003033709643780438
301,1.4535182792004546e-07,0.0002781995634875438,0.0002086860105726379,0.003062119864461696
302,9.253954148426899e-06,0.000322698936572556,0.00024433769096652376,0.003147760395421539
303,1.0796779950891281e-05,0.00033478996907540526,0.0002537916717942768,0.0031688223074061916
304,2.810435434423922e-05,0.0003309948036400593,0.0002552721913161043,0.0031910801322839214
305,2.593087193253448e-05,0.0003426437066244671,0.0002634654979514839,0.003182500436580145
306,4.530206361855425e-05,0.0003316143199001102,0.0002600362558297212,0.0032163534600760098
307,1.8251838912657143e-06,0.00027239045983887294,0.0002047491408519711,0.0032251831151753445
308,2.2918609537645647e-06,0.00027918966568144215,0.00020996521449952274,0.0032871611777082078
309,1.2969187772007297e-06,0.0003003858731159289,0.00022561363453124688,0.0032601012040699364
310,6.507921020344034e-07,0.00031753119408402437,0.00023831109358852688,0.003183788261793848
311,5.762055211218316e-07,0.0003244399182829865,0.0002434739900925203,0.0030944508154752736
312,1.0289348226405552e-06,0.0003179569354076717,0.0002387249352614139,0.0029996227548440557
313,0.00022767910171381223,0.0005782222193286265,0.0004905864399249229,0.003302387897881341
314,3.098186624339971e-06,0.00028381639812730943,0.00021363684525156707,0.002903053801497046
315,8.256276057968163e-08,0.0002524371291791312,0.00018934848757449333,0.002827928475333045
316,9.347168877802951e-08,0.00023531996467911814,0.00017651334143153308,0.0027845965257186295
317,9.737400448009757e-08,0.00022845694740066645,0.00017136705405161988,0.0027723911008100404
318,1.8111050902293252e-07,0.00023431861530037742,0.0001757842391025388,0.0027910302793997996
319,2.798752207121586e-07,0.0002528669449317201,0.0001897201775039681,0.0027936703771059643
320,4.472374385723191e-07,0.0002678607254098296,0.0002010073534170153,0.0027930241474328978
321,5.998057968748784e-07,0.0002731167792946756,0.00020498753592022544,0.002790206974193303
322,7.337298961567008e-07,0.0002685234056111927,0.00020157598668243373,0.002781174285847701
323,3.0221118651609026e-05,0.0003757636868589723,0.0002893780448071315,0.002884860103841381
324,8.602925626820246e-07,0.0002617429552545856,0.00019652228958160975,0.0027138938302133974
325,3.182996664995555e-07,0.00023775111223088815,0.000178392909089791,0.0026995780725660684
326,6.834429312141465e-07,0.00022787004971035752,0.00017107339801557167,0.0027178050332388373
327,1.4173553973255356e-06,0.00022477087779326584,0.00016893249719428076,0.002759611349722475
328,2.241778787710219e-06,0.00022794371123981627,0.00017151822812678976,0.0028113064947232974
329,2.1979755627517346e-06,0.00023210624923000053,0.00017462918081318833,0.002852004557181752
330,1.5043483718752863e-06,0.00023377136653326256,0.00017570461199291573,0.002863245101391743
331,7.70136056137693e-07,0.0002315125908247523,0.00017382697713259863,0.0028215425349029668
332,1.263511998921492e-07,0.00023476064780983335,0.00017610207365734805,0.00272921538197524
333,1.1386264326700169e-07,0.00026570879565763133,0.00019931006240404028,0.002718479151799397
334,1.0589263069914162e-07,0.0003442030479916072,0.0002581787591513803,0.0028173066715374796
335,1.1944348054164982e-07,0.0003564156997776884,0.0002673416357034017,0.0028307963032954343
336,1.6999040970570008e-07,0.00036484866144164714,0.00027367899368366174,0.002819670090740567
337,2.916637673471411e-07,0.0003673566711440678,0.00027559041929988765,0.0027955798228140806
338,2.7849980579172185e-07,0.00033208658655681,0.0002491345648690555,0.0027785076021965586
339,1.335709427071994e-07,0.00029392161293792686,0.00022047460243912193,0.002782900086206692
340,1.0236763436963012e-07,0.0002627780995803618,0.00019710916659386373,0.002810257928863957
341,7.592696976007733e-08,0.00023942768345446586,0.00017958974433328944,0.0028339356214263168
342,5.367524321566085e-08,0.00022207248822416346,0.00016656778497892648,0.002851081396835261
343,4.1074069460116397e-08,0.0002109166685991842,0.0001581977699667532,0.0028713345035860055
344,3.4592748929847375e-08,0.0002072769096130636,0.00015546633039703015,0.002895380073658444
345,3.5488663731628344e-08,0.00020493048474401368,0.0001537067357239432,0.002905767392225979
346,4.036431789280764e-08,0.00020371880075896898,0.00015279919164869993,0.0029052672245489597
347,9.782194692095113e-08,0.00020508218167128404,0.0001538360917401933,0.002905219913270065
348,4.719354113247869e-08,0.00020567935499750154,0.0001542713146334093,0.0029096957096855103
349,5.0904605268710676e-08,0.00020856665305401924,0.00015643771594183158,0.002918708587739379
350,7.193523066016699e-08,0.00021318488892160725,0.00015990665049887048,0.0029310811285747627
351,1.1283629498306588e-07,0.00021837081810428732,0.00016380632265196128,0.00294286153174736
352,1.8319578791614455e-07,0.00022250566573111424,0.0001669250482453147,0.0029512678280701867
353,2.8744719211603327e-07,0.00022443342540986414,0.00016839693085542713,0.0029534160822620587
354,4.292382887639384e-07,0.00022415612952814235,0.00016822440671829776,0.002948732104278197
355,5.963482419629314e-07,0.0002214271948064246,0.0001662194831653092,0.0029363482335313658
356,7.742769822326753e-07,0.00021526463770882913,0.00016164204752718,0.002917338933084964
357,9.230958606748776e-07,0.00021096251095817833,0.00015845265718380247,0.002873282895995524
358,8.518314051989934e-07,0.00021018356038588515,0.00015785062814071358,0.002812530326542513
359,6.041154938201363e-07,0.0002103886619297359,0.00015794252532075697,0.002754786324894853
360,3.595798843558673e-07,0.000209272618236151,0.00015704435864820224,0.0027097523410895665
361,1.9200015552077714e-07,0.00020671743869417762,0.00015508607905951338,0.0026764867746530314
362,9.515893498693263e-08,0.00020381147376399543,0.00015288239505674333,0.0026511902703766133
363,4.5852593142917414e-08,0.0002009467299259322,0.00015072151059273488,0.002631216002180474
364,2.1050207209409146e-08,0.00019906750332590337,0.00014930589004622994,0.002618114547622512
365,1.2681343318178386e-08,0.0001983196254690844,0.00014874288943764286,0.002611833485449899
366,1.4211317921365653e-08,0.00019725685142797883,0.00014794619140046444,0.0026090621221974914
367,1.75532971099076e-08,0.0001908456672929283,0.00014313863879397367,0.0026135982725710577
368,9.099935424337609e-09,0.00019003562917098,0.00014252899686209108,0.002620788999988566
369,7.1306716164916296e-09,0.00018627519505918014,0.0001397081789622892,0.002633806040560108
370,5.191520037985978e-09,0.00018317481983618001,0.0001373824127571445,0.002649216179413437
371,3.3229999764585487e-09,0.00018046185785932842,0.00013534722414449042,0.0026664969500861378
372,1.8173576292831878e-09,0.00017805630717761755,0.00013354268472262048,0.0026839605994666118
373,9.1618054361032e-10,0.0001767119922259765,0.0001325342232146183,0.0027001788206729702
374,2.9147503483215784e-10,0.00017585868130515792,0.00013189408384762713,0.0027138687922820585
375,6.66256126560024e-11,0.00017487924654228948,0.00013115945156312028,0.0027240352143011464
376,1.1201136313550382e-08,0.00017536792050553803,0.0001315287406632319,0.00272890908725682
377,8.067476314607885e-10,0.0001742395065993164,0.0001306798316363952,0.0027299221631321186
378,1.5960364472423034e-10,0.00017363509582414612,0.00013022636176902074,0.0027291172818263215
379,3.459100237927362e-11,0.0001733558767969979,0.00013001691624549904,0.002726873013532015
380,4.785369435485701e-11,0.0001732814232007541,0.00012996107936398917,0.0027237374008510515
381,9.284115229496272e-11,0.00017331556854553826,0.00012998669961944176,0.0027199730246428694
382,1.367534567217046e-10,0.00017348360985893483,0.00013011274158256528,0.0027165488142121145
383,1.4135598073272648e-10,0.0001738185075067528,0.00013036391596905978,0.0027144903741907656
384,1.2555514361729583e-10,0.0001742803477694892,0.00013071029221590282,0.002714043533703876
385,1.1947653087048464e-10,0.00017498052021880538,0.00013123542003323673,0.0027155673996489458
386,1.3137182699130445e-10,0.00017577461900482815,0.00013183099709657787,0.002717791999180628
387,1.8548307824735585e-10,0.0001765092917070768,0.00013238201515107718,0.002719348195186826
388,4.066082128699665e-10,0.00017716942930732146,0.00013287717363254432,0.0027188668088928567
389,1.0771498600130727e-09,0.0001778587036916884,0.0001333942970562313,0.0027158807439928976
390,2.157790826600194e-09,0.00017852101320197237,0.00013389129934918595,0.002710771364241715
391,3.32736217135381e-09,0.00017927933749774084,0.00013446033496384844,0.0027052586892573538
392,4.167951927505236e-09,0.00018004303723223822,0.00013503331991216054,0.002699964888887777
393,4.896650412020582e-09,0.00018081594767356955,0.00013561318491778018,0.002695175233218365
394,5.1716542178140654e-09,0.000181568866717549,0.0001361779429517162,0.002691569322376567
395,5.200814322474224e-09,0.00018218568351408883,0.00013664056283914722,0.0026889277284943983
396,5.21333763164982e-09,0.00018260138049762975,0.00013695233870763022,0.002686987963449681
397,5.469464147110214e-09,0.0001828304241965515,0.00013712418551345038,0.0026853861257355974
398,6.061610801275447e-09,0.00018287063707445874,0.00013715449320854438,0.0026836484563495465
399,6.963266468460899e-09,0.00018270598851711755,0.00013703123220445529,0.002681203339644102
400,8.176705817514512e-09,0.00018230302666473466,0.00013672931417500539,0.0026777082639558554
401,9.597736492056963e-09,0.00018177895744639005,0.0001363366175189156,0.0026732686391799988
402,1.136292439552053e-08,0.00018119442414839422,0.00013589865884239453,0.0026679011528118186
403,1.3669161074945654e-08,0.0001805952743037949,0.00013544987301811488,0.0026620052311348884
404,1.6968124712230284e-08,0.00017990724186295502,0.0001349346734283943,0.002655183517773567
405,1.898742464914548e-08,0.0001773656356365258,0.00013302897358355662,0.00265383690967546
406,2.367950681029597e-08,0.00017530753629667727,0.00013148657209921053,0.002647325113281224
407,3.055284757499449e-08,0.00017348053268541637,0.00013011803772595604,0.002638489710534152
408,4.106014688951395e-08,0.00017154154142595202,0.0001286664211061864,0.0026289472518666594
409,1.4354371196387102e-06,0.00017926119563598227,0.0001348047560068964,0.002621761863162432
410,3.7749021887227794e-07,0.0001819145516765623,0.00013653028631213976,0.0026031406470249266
411,2.484757962523341e-07,0.00019382714300124497,0.00014543247619999678,0.0025890156459523117
412,3.986813095644376e-07,0.00021732246194601664,0.00016309151678690358,0.002587207858976979
413,9.072440565960163e-07,0.00024766225819663557,0.00018597350466162567,0.0025965043810929115
414,1.865352144399283e-06,0.00028083882450582944,0.00021109545641547192,0.0026036346688060913
415,3.474216650569033e-06,0.00031724896688951166,0.000238805279329776,0.0026159646097059655
416,0.0013402445903413706,0.0014642111780814723,0.0014332195311464466,0.005632984969421171
417,2.2641692034207556e-05,0.00039235077602697534,0.0002999235050287834,0.002969288509700193
418,6.735923797466684e-08,0.00036431507661276267,0.0002732531472690657,0.002822858679480626
419,0.0002390182263084804,0.0003751049691730238,0.00034108328345688784,0.002912591603232255
420,5.9449177876467177e-05,0.00037596387452490154,0.0002968352003627929,0.002827846261732653
421,2.345234959827388e-05,0.0003977791397384158,0.0003041974422033804,0.002919109353274662
422,1.6473594498707725e-05,0.0004159930770234311,0.0003161132063922502,0.002979750337045533
423,3.7137676406925154e-05,0.00044051354101015417,0.0003396695748593469,0.003004793505546028
424,6.667799562208459e-05,0.00047319642533978965,0.0003715668179103634,0.0030813644126020255
425,6.998119883346568e-05,0.0004894585458307838,0.00038458920908145426,0.0032169721782937637
426,0.0009403701689602577,0.0011284078127208645,0.0010813984017807128,0.005302884069940067
427,0.0002853841063669569,0.0009827197881199742,0.0008083858676817199,0.004664787712474767
428,6.64380831256646e-05,0.000612883548279708,0.00047627218199119726,0.003982264488857498
429,1.1519077284743798e-05,0.0004574931929920397,0.0003459996640652158,0.003431821154445769
430,7.395459580591293e-07,0.0003555441958111082,0.000266843033347846,0.002910425357142539
431,2.806110005591617e-07,0.0003108661209684287,0.00023321974347646128,0.002702172378466707
432,1.5774699301107063e-07,0.00028748730403373586,0.00021565491477355461,0.0026571858196568054
433,6.495408864931451e-08,0.00027354611579643185,0.00020517582536948623,0.002656037555216546
434,1.0622372796830082e-07,0.0002694473540532374,0.00020211207147192013,0.0027168324418813975
435,2.59150383535045e-07,0.0002691078966913853,0.00020189571011442273,0.0028041843238764143
436,4.2466840115887074e-07,0.0002828994983348761,0.0002122807908514468,0.002906093169237057
437,4.202694806137155e-07,0.0003101167011179249,0.0002326925932085971,0.00299178279849238
438,6.533586080516029e-05,0.0003823742455314666,0.00030311464934989,0.003141906439000018
439,0.00012752463629388402,0.00047762772631948356,0.0003901019538130837,0.003308222340772809
440,1.540182778977612e-06,0.0003880846283587643,0.00029144851696381765,0.0031524930224430363
441,2.2795613171613333e-07,0.0003586872473671884,0.0002690724245583203,0.003071810395196128
442,9.842539872164688e-08,0.00032740542410336794,0.0002455786744272064,0.002987083430129056
443,1.2623139799125706e-07,0.0002929882553692968,0.00021977274937647043,0.0029027200544481046
444,1.6087565260927554e-07,0.0002620355510464158,0.00019656688219796414,0.0028212069022426596
445,2.0958493295646876e-07,0.00023818838672660147,0.00017869368627819023,0.0027554067075482294
446,2.2291682327919588e-07,0.0002265153314703592,0.00016994222780858918,0.0027086816736896194
447,2.3648886545945103e-07,0.00021910553732226766,0.00016438827520806563,0.0026627368944488316
448,2.8552987073283506e-07,0.00021570549037993158,0.0001618505002526319,0.002624177068973923
449,5.443517812683285e-07,0.0002121954275383171,0.0001592826585990549,0.002617759813160047
450,1.1054557597110843e-06,0.00021501907102600842,0.0001615406672094341,0.002646326845298489
451,1.3787101433548978e-06,0.00022923293464469517,0.0001722693785193601,0.0026743655791370527
452,1.5954369947721488e-06,0.00023505523542037348,0.00017669028581397315,0.002697435617729413
453,1.970251840405462e-06,0.00023249563272673048,0.0001748642875051492,0.0027335953057013203
454,2.21764981705803e-06,0.00022446858506261288,0.00016890585125122414,0.0027799820599259937
455,2.233789483018723e-06,0.00021299030858609565,0.00016030117881032642,0.0028292457987443187
456,2.1117933437123458e-06,0.00020168786147269936,0.0001517938444404526,0.0028801030185948017
457,1.8757473185865337e-06,0.00019277426723033546,0.00014504963725239822,0.002933108534580422
458,1.4620593179207325e-06,0.00018649349462603428,0.0001402356357990059,0.002985428220252656
459,1.025163910752762e-06,0.00018274716745787572,0.000137316666571095,0.0030176138881718344
460,7.261307093320793e-07,0.00018106146188903325,0.00013597762909410799,0.0030231170794730467
461,4.937360124943761e-07,0.00017994152479790845,0.00013507957760155494,0.0030139592783426385
462,2.2155863795827708e-07,0.00017586223232169543,0.00013195206390076113,0.0029754941624940807
463,1.8535566933822772e-07,0.00017333559204507233,0.00013004803295113882,0.002941388819300965
464,1.871137047114513e-07,0.0001752976829538738,0.0001315200406415832,0.0029289860602782643
465,2.0238974239078243e-07,0.00017939281813406612,0.0001345952110361473,0.002923453833120877
466,2.367678083127523e-07,0.00018828185054469476,0.00014127057986059927,0.0029229303059370598
467,2.729515241851448e-07,0.0002019162862056965,0.00015150545253531865,0.002927247965148162
468,3.0315791731871815e-07,0.00021808774023856394,0.00016364159465825264,0.0029361312469084713
469,2.700458045719903e-07,0.00023354739584917014,0.0001752280583380206,0.002945604571688357
470,3.3446470556932135e-07,0.00024256549134026655,0.00018200773468159224,0.0029221858373773045
471,3.022066083146078e-07,0.0002455508997945546,0.0001842387264979946,0.0029057136632706076
472,2.7898849140250166e-07,0.00024151307646528287,0.00018120455447181278,0.002902281735344908
473,2.832517294372127e-07,0.00023139792411701514,0.00017361925602012065,0.002913783833707931
474,3.066266555674282e-07,0.0002163830151663338,0.00016236391803864218,0.0029316637563331998
475,3.503062904880964e-07,0.00019987048881109056,0.00014999044318093994,0.0029533894501094886
476,4.1182194729230833e-07,0.0001868637363266301,0.00014025075773179565,0.002980665802836569
477,4.901067994082707e-07,0.00018223389424843806,0.0001367979473861806,0.003003618177607168
478,5.206645697385163e-07,0.0001809003620738351,0.00013580543769781093,0.0030241815784667284
479,4.795768019360865e-07,0.00018253602091554034,0.0001370219098871393,0.003034150411023268
480,4.0201884725819533e-07,0.00018530847227916827,0.00013908185892119073,0.003037217428898316
481,3.1472845282993327e-07,0.00018751525686252384,0.00014071512476010036,0.0030428016387777893
482,2.6367822819248625e-07,0.00018899183120100747,0.00014180979295780373,0.0030492668485165215
483,2.2569830117377261e-07,0.0001915064398577752,0.00014368625446862488,0.0030496257196559276
484,2.0788916371381724e-07,0.0001959014509191012,0.0001469780604802544,0.003039973637501386
485,2.05930416290388e-07,0.0002004130402032385,0.00015036126275650146,0.00302204742762515
486,2.185956771660208e-07,0.000203441831043214,0.00015263602220170198,0.002993934180532505
487,2.767417247879241e-07,0.0002065177073929356,0.00015495746597589863,0.002958579156281037
488,3.4123479097704176e-07,0.00020942341218322945,0.0001571528678351664,0.00292038253319546
489,3.4894084576473416e-07,0.00021113056130311428,0.00015843515618877693,0.002885707624257958
490,3.0049183192662406e-07,0.00021075149246759577,0.0001581387423086785,0.0028583507405879308
491,1.7364031486265987e-07,0.00021313468978126555,0.00015989442741466483,0.0027982885021023136
492,8.252751752820237e-08,0.0002133984109259796,0.00016006944007386677,0.0028246259164885603
493,3.142822428510113e-08,0.0002099910407115138,0.00015750113758970666,0.002863935794885478
494,1.1458746184498735e-08,0.00020402959792162798,0.00015302506312776709,0.0029044076918040007
495,1.1191484180691796e-08,0.00019665439881869505,0.00014749359698506645,0.0029407683565959857
496,1.187181802653364e-08,0.00018972359546261147,0.00014229566455146525,0.0029535775226639687
497,3.53280863900865e-07,0.00019171990390835891,0.00014387824814724443,0.0029545513394636604
498,2.8476491265773634e-08,0.0001905903539955456,0.00014294988461947567,0.002953506149925587
499,3.4708528776532964e-08,0.00018852898921262323,0.00014140541904166155,0.0029453981464791336
500,3.9954344869125445e-08,0.00018544034605292808,0.00013909024812591334,0.0029304726110674765
501,4.279259415487009e-08,0.00018161563169728662,0.00013622242192150367,0.002910673679961944
502,4.388740097069224e-08,0.00017796813060819754,0.00013348706980639084,0.0028896898158831284
503,4.3697210135907824e-08,0.00017525876959637832,0.0001314550014998177,0.002870610655603208
504,4.259767745951172e-08,0.00017351462487990934,0.00013014661807929685,0.002854203985618136
505,4.1928165122816706e-08,0.00017256730680438465,0.0001294359621445692,0.002841582768987713
506,4.029876498349337e-08,0.00017230554624266437,0.00012923923437324416,0.0028336237519579967
507,3.819235855738823e-08,0.00017192020816584838,0.0001289497042140256,0.0028245130637785526
508,3.590565236827008e-08,0.00017140661919948363,0.00012856394081270476,0.0028155399380917325
509,3.3639720563825614e-08,0.00017074518002068177,0.00012806729494565226,0.0028067359942152447
510,3.011732062682709e-08,0.00016970993823945896,0.00012728998300975093,0.002796791068943165
511,2.5397873631676266e-08,0.00016822852664652834,0.00012617774445330417,0.002784962199590625
512,2.1116535409360608e-08,0.00016625128469320257,0.00012469374265375427,0.002771111775028455
513,2.2015276380897204e-08,0.0001642167375696367,0.00012316805699632278,0.0027588387338451244
514,2.96097684106626e-08,0.00016236687499881388,0.00012178255869121305,0.002751250710456911
515,4.0041841338791845e-08,0.00016099848069746976,0.00012075887098343701,0.002750996298760396
516,4.2692774795281065e-08,0.00016024412955233133,0.00012019377035794732,0.0027576773160268176
517,3.324469538970109e-08,0.0001600427185228279,0.00012004035006596834,0.002766804187056001
518,2.214342817608602e-08,0.00016005582294310286,0.00012004740306437117,0.002774209771711923
519,1.5737358072785633e-08,0.00016007621146294437,0.00012006109293672647,0.0027784312513167413
520,1.3750907911613477e-08,0.00015999677631157303,0.00012000101996065766,0.002779239199833547
521,3.3881396434619406e-08,0.00015986638105253037,0.00011990825613850645,0.0027778872684307582
522,1.536849546268325e-08,0.00015974114907882958,0.00011980970393298787,0.002774155815410701
523,1.712016384169161e-08,0.00015969044122357621,0.00011977211095864259,0.0027715327755697965
524,1.9699957181655196e-08,0.0001597359134698074,0.00011980686009165097,0.0027681741400648117
525,2.48494050570668e-08,0.00016023651904504727,0.00012018360163504973,0.0027630172557710094
526,3.714307608489859e-08,0.00016160388307601213,0.00012121219807603031,0.0027609258335313277
527,5.637793377634618e-08,0.00016323070964721574,0.0001224371267188559,0.0027649750844360773
528,7.686947095927083e-08,0.00016429128302747936,0.00012323767963834934,0.002769937074741683
529,9.5158981661625e-08,0.0001647076779301616,0.0001235545481930366,0.002772648902271041
530,1.1192880848385027e-07,0.00016467714999452722,0.0001235358446980164,0.0027731243231170905
531,1.2724203549305287e-07,0.00016430189350322597,0.00012325823063629273,0.0027717053055498733
532,1.4115733630199708e-07,0.00016382869393118127,0.00012290680978246146,0.0027696362430668646
533,1.5845718024247493e-07,0.00016340077150282315,0.00012259019292217794,0.002768189046207984
534,1.8004668844537144e-07,0.00016319834333202942,0.00012244376917113344,0.0027681379748320414
535,2.0555209628210431e-07,0.00016331481565076556,0.0001225374997621447,0.002769661112501328
536,2.354828471717363e-07,0.0001637974860409561,0.00012290698524251002,0.0027730445445035713
537,2.6983246571284696e-07,0.0001646299170271557,0.000123539895886795,0.002778314319627903
538,3.0480426541750295e-07,0.00016586718821621363,0.0001244765922285146,0.0027845345038413683
539,3.3320398766686475e-07,0.0001680278952929067,0.00012610422246659672,0.0027915615646307355
540,3.534170222236556e-07,0.00017243500817739675,0.00012941461038860346,0.0028010034537005973
541,3.589610127061864e-07,0.00018088666515271676,0.00013575473911771414,0.0028140022022810707
542,3.3652843671575237e-07,0.00019752136998138741,0.00014822515959521948,0.0028334107329909546
543,3.1145061182310193e-07,0.0002264234793923961,0.00016989547219725286,0.0028621792197998895
544,3.867445193592281e-07,0.00026445867047016736,0.0001984406889824653,0.002893794602735445
545,6.087602112116074e-07,0.00029886044090633165,0.00022429752073255168,0.002913545200740687
546,1.4945619282492218e-07,0.0003336210041795441,0.00025025311718286425,0.002914905535075686
547,4.044397203267015e-07,0.0003306905039900244,0.0002481189879226,0.0028853669275583364
548,7.046671910324321e-07,0.0003020528437152863,0.00022671579958422283,0.0028351588985379133
549,9.920694780939531e-07,0.00025769496910999184,0.00019351924420201737,0.0027792869277138135
550,1.2102268333710365e-06,0.00022325159133816704,0.00016774125021196804,0.0027562074465273885
551,2.3225064753866317e-06,0.0002408529070740967,0.00018122030692441915,0.0027832606708945934
552,3.3912809344249087e-06,0.00026460747763568543,0.00019930342846037033,0.0028318001314882662
553,3.1300856820079615e-06,0.00028110209752015187,0.00021160909456061593,0.0028799132781618195
554,6.0483632951845896e-06,0.0003455084301751271,0.0002606434134551414,0.0029826536753238897
555,2.8359352797966823e-06,0.00030023264970642304,0.00022588347109976648,0.0029686464857389115
556,2.175214793035054e-06,0.00029222048752170626,0.00021970916933953844,0.0029647887518527713
557,1.8938682241159344e-06,0.0002835676929067189,0.00021314923673606824,0.0029487566189525744
558,1.6752596167236377e-06,0.00027396997009055296,0.00020589629247209565,0.002930458083819266
559,1.5236197081481459e-06,0.0002648938306642254,0.00019905127792520607,0.0029085691524056738
560,1.4142328397312916e-06,0.00025612490040074137,0.0001924472335104889,0.002881759896109392
561,1.29932670644671e-06,0.0002481032627823969,0.00018640227876340934,0.0028579860018602575
562,1.1724989710533944e-06,0.00024047957613735133,0.00018065280684577685,0.0028367521809541875
563,1.0900504379984727e-06,0.00023397786148638647,0.00017575590872428946,0.0028154989039882957
564,9.71437021132943e-07,0.0002286126796962694,0.00017170236902748528,0.0027948007757171165
565,8.670533832444723e-07,0.00022405440502542794,0.0001682575671148821,0.0027772603354879787
566,7.96664113678018e-07,0.00022139416879162716,0.00016624479262213987,0.0027573718886324166
567,7.396764297787711e-07,0.00022077199028021105,0.00016576391181760298,0.002742245880301398
568,6.968701020755065e-07,0.00021638546523242372,0.00016246331644983666,0.0027188059042003664
569,6.318262234901058e-07,0.0002114308470638545,0.0001587310918537634,0.0027083529608429163
570,5.665339570951559e-07,0.00020539574971242586,0.00015418844577359315,0.00270089871448414
571,4.944131037974539e-07,0.00019991052692589525,0.0001500564984703708,0.0027024484600832338
572,4.0382148469663945e-07,0.0001974709787371932,0.00014820418942406905,0.0027228067039133984
573,3.4965502196962997e-07,0.00019938591160622318,0.0001496268474601598,0.0027515381234836924
574,3.501108703251339e-07,0.00020501262908918054,0.00015384699953446666,0.002792000780885872
575,3.624140888072034e-07,0.0002136961800985501,0.00016036273859611438,0.0028368593808167867
576,3.6808282646224216e-07,0.00022287076028682548,0.00016724509092173466,0.0028807971227642185
577,3.531434512022929e-07,0.00023022018549135624,0.0001727534249813178,0.0029183725587308353
578,3.443871952510865e-07,0.0002335172446356582,0.00017522403027555642,0.002946401952741762
579,3.469894861116887e-07,0.00022987363368606175,0.00017249197263607423,0.002956137594432641
580,3.872520797027208e-07,0.00021746090179544729,0.00016319248936651115,0.002948087790602197
581,2.436710917844192e-07,0.0001950555029715399,0.00014635254500160102,0.0029179413884695272
582,1.4810570516678815e-07,0.00017949939926949348,0.0001346615758784118,0.002888520616564173
583,1.12925478976462e-07,0.0001710945556185261,0.00012834914808363868,0.00286894371111143
584,9.858069819654853e-08,0.00016659398156835872,0.00012497013135081815,0.002854991189748591
585,9.030935678331102e-08,0.00016379797423102447,0.00012287105801246417,0.0028435111588937193
586,8.013943895078981e-08,0.00016224700013013903,0.00012170528495734197,0.002834969636757513
587,7.000414832138588e-08,0.00016132055042006636,0.00012100791385213012,0.0028282946490218557
588,6.258686901424867e-08,0.00016053876231599974,0.00012041971845425339,0.0028222797720168676
589,6.010571030466698e-08,0.0001597180335767235,0.0001198035516101188,0.0028165984743482937
590,6.188095142257241e-08,0.00015924519914726617,0.00011944936959830529,0.0028124590768222987
591,6.607018701539808e-08,0.00015921855610966099,0.00011943043462899959,0.0028098560370859818
592,1.2777407225632979e-07,0.0001601022592663477,0.00012010863796782486,0.0028103119214954683
593,8.43943964812324e-08,0.00015911347856695097,0.00011935620752433353,0.0028061447971797658
594,8.649133335265812e-08,0.00015822013786412486,0.00011868672623143182,0.002801013344896213
595,9.204488602971095e-08,0.00015736748318466066,0.00011804862361000293,0.002795382468426486
596,1.0976585358536638e-07,0.0001567060993444963,0.00011755701597176857,0.0027898706246136016
597,1.169957739379235e-07,0.00015616289307447752,0.00011715141874934262,0.0027861756977186824
598,1.2775239686291693e-07,0.00015572218684846198,0.0001168235782355622,0.0027833051485326448
599,1.394215221646476e-07,0.00015536811190023002,0.00011656093930571369,0.002779634164074653
